code,cca3,name,region,subregion,population,capital,languages,currencies,name_safety,region_safety,overall_risk,crime_score,political_score,health_score,natural_disaster_score,is_core_country,advisory_level,name_normalized,country_normalized_x,homicide_rate,country_normalized_y,gpi_score,gpi_rank,homicide_filled,gpi_filled,advisory_filled,homicide_log,homicide_norm,gpi_norm,advisory_norm,TSI,cluster,risk_tier
AG,ATG,Antigua and Barbuda,Americas,Caribbean,103603,Saint John's,English,Eastern Caribbean dollar,Antigua and Barbuda,Americas,low,2,2,2,2,False,,antigua and barbuda,antigua and barbuda,10.665,,,,10.665,1.998,2.5,2.4565929054733933,44.22203504773693,61.508951406649615,33,46.041499441089655,0,Caution
BT,BTN,Bhutan,Asia,Southern Asia,784043,Thimphu,Dzongkha,"Bhutanese ngultrum, Indian rupee",Bhutan,Asia,low,2,2,2,2,False,,bhutan,bhutan,2.46,bhutan,1.536,21.0,2.46,1.536,2.5,1.2412685890696329,72.58689913450631,81.20204603580562,33,63.295373464544205,3,Moderate
IT,ITA,Italy,Europe,Southern Europe,58927633,Rome,"Italian, Catalan",Euro,Italy,Europe,medium,3,3,2,3,True,2.0,italy,italy,0.545,italy,1.662,33.0,0.545,1.662,2.0,0.43502391034970883,91.40411559590562,75.83120204603581,66,79.11100685217299,1,Safe
TV,TUV,Tuvalu,Oceania,Polynesia,10643,Funafuti,"English, Tuvaluan","Australian dollar, Tuvaluan dollar",Tuvalu,Oceania,low,2,2,2,2,False,,tuvalu,tuvalu,,,,,3.117,1.998,2.5,1.4151247427877676,68.52921173016325,61.508951406649615,33,55.764370114060185,0,Caution
AI,AIA,Anguilla,Americas,Caribbean,16010,The Valley,English,Eastern Caribbean dollar,Anguilla,Americas,low,2,2,2,2,False,,anguilla,anguilla,28.328,,,,28.328,1.998,2.5,3.378542691097349,22.704338074938363,61.508951406649615,33,37.43442065197023,0,Caution
AU,AUS,Australia,Oceania,Australia and New Zealand,27536874,Canberra,English,Australian dollar,Australia,Oceania,low,2,2,2,2,True,1.0,australia,australia,0.854,australia,1.505,18.0,0.854,1.505,1.0,0.6173454671436635,87.14885129423207,82.5234441602728,100,89.61657376577466,1,Safe
BZ,BLZ,Belize,Americas,Central America,417634,Belmopan,"Belizean Creole, English, Spanish",Belize dollar,Belize,Americas,medium,3,3,2,3,False,,belize,belize,27.882,,,,27.882,1.998,2.5,3.363218563704373,23.061993052200975,61.508951406649615,33,37.577482642875275,0,Caution
VU,VUT,Vanuatu,Oceania,Melanesia,321409,Port Vila,"Bislama, English, French",Vanuatu vatu,Vanuatu,Oceania,low,2,2,2,2,False,,vanuatu,vanuatu,0.321,,,,0.321,1.998,2.5,0.2783890255401883,95.05986999734458,61.508951406649615,33,66.37663342093272,3,Moderate
BY,BLR,Belarus,Europe,Eastern Europe,9109280,Minsk,"Belarusian, Russian",Belarusian ruble,Belarus,Europe,high,4,4,3,3,False,,belarus,belarus,2.326,belarus,2.267,119.0,2.326,2.267,2.5,1.201770380770736,73.50876113870314,50.04262574595056,33,54.31629217926642,0,Caution
MU,MUS,Mauritius,Africa,Eastern Africa,1243741,Port Louis,"English, French, Mauritian Creole",Mauritian rupee,Mauritius,Africa,low,2,2,2,2,False,,mauritius,mauritius,2.232,mauritius,1.586,26.0,2.232,1.586,2.5,1.173101140658849,74.17788220233079,79.07075873827792,33,63.29238050241569,3,Moderate
LA,LAO,Laos,Asia,South-Eastern Asia,7647000,Vientiane,Lao,Lao kip,Laos,Asia,medium,3,3,2,3,False,,laos,,,laos,1.783,47.0,3.117,1.783,2.5,1.4151247427877676,68.52921173016325,70.67348678601876,33,58.51373072787093,3,Moderate
SN,SEN,Senegal,Africa,Western Africa,18593258,Dakar,French,West African CFA franc,Senegal,Africa,low,2,2,2,2,False,,senegal,,,senegal,1.936,69.0,3.117,1.936,2.5,1.4151247427877676,68.52921173016325,64.15174765558397,33,56.55720898874049,0,Caution
TR,TUR,Turkey,Asia,Western Asia,85664944,Ankara,Turkish,Turkish lira,Turkey,Asia,medium,3,3,2,3,True,2.0,turkey,turkey,3.228,,,,3.228,1.998,2.0,1.4417290680079913,67.90828441158143,61.508951406649615,66,65.41599918662746,1,Safe
BO,BOL,Bolivia,Americas,South America,11365333,Sucre,"Aymara, Guaraní, Quechua",Bolivian boliviano,Bolivia,Americas,medium,3,3,2,3,False,,bolivia,bolivia,4.369,bolivia,2.005,83.0,4.369,2.005,2.5,1.6806416714404324,62.33222258717043,61.21057118499574,33,53.19606039036689,0,Caution
LK,LKA,Sri Lanka,Asia,Southern Asia,21763170,Sri Jayawardenepura Kotte,"Sinhala, Tamil",Sri Lankan rupee,Sri Lanka,Asia,medium,3,3,2,3,False,,sri lanka,sri lanka,3.427,sri lanka,2.075,97.0,3.427,2.075,2.5,1.487722153750004,66.83483627235249,58.226768968456945,33,54.10196519947808,0,Caution
NF,NFK,Norfolk Island,Oceania,Australia and New Zealand,2188,Kingston,"English, Norfuk",Australian dollar,Norfolk Island,Oceania,unknown,3,3,3,3,False,,norfolk island,,,,,,3.117,1.998,2.5,1.4151247427877676,68.52921173016325,61.508951406649615,33,55.764370114060185,0,Caution
CN,CHN,China,Asia,Eastern Asia,1408280000,Beijing,Chinese,Chinese yuan,China,Asia,medium,3,3,2,3,True,3.0,china,china,0.502,china,2.093,98.0,0.502,2.093,3.0,0.406797553341943,92.06290006140456,57.45950554134698,33,63.96301168696592,3,Moderate
BQ,BES,Caribbean Netherlands,Americas,Caribbean,31980,Kralendijk,"English, Dutch, Papiamento",United States dollar,Caribbean Netherlands,Americas,unknown,3,3,3,3,False,,caribbean netherlands,,,,,,3.117,1.998,2.5,1.4151247427877676,68.52921173016325,61.508951406649615,33,55.764370114060185,0,Caution
GG,GGY,Guernsey,Europe,Northern Europe,64781,St. Peter Port,"English, French, Guernésiais","British pound, Guernsey pound",Guernsey,Europe,unknown,3,3,3,3,False,,guernsey,,,,,,3.117,1.998,2.5,1.4151247427877676,68.52921173016325,61.508951406649615,33,55.764370114060185,0,Caution
SD,SDN,Sudan,Africa,Northern Africa,51662000,Khartoum,"Arabic, English",Sudanese pound,Sudan,Africa,high,4,4,3,3,False,,sudan,,,sudan,3.323,161.0,3.117,3.323,2.5,1.4151247427877676,68.52921173016325,5.029838022165407,33,38.82063609871493,2,High Risk
YT,MYT,Mayotte,Africa,Eastern Africa,320901,Mamoudzou,French,Euro,Mayotte,Africa,unknown,3,3,3,3,False,,mayotte,mayotte,5.816,,,,5.816,1.998,2.5,1.9192727895270145,56.7627304441769,61.508951406649615,33,51.05777759966565,0,Caution
BL,BLM,Saint Barthélemy,Americas,Caribbean,10562,Gustavia,French,Euro,Saint Barthélemy,Americas,unknown,3,3,3,3,False,,saint barthélemy,,,,,,3.117,1.998,2.5,1.4151247427877676,68.52921173016325,61.508951406649615,33,55.764370114060185,0,Caution
VA,VAT,Vatican City,Europe,Southern Europe,882,Vatican City,"Italian, Latin",Euro,Vatican City,Europe,unknown,3,3,3,3,False,,vatican city,,,,,,3.117,1.998,2.5,1.4151247427877676,68.52921173016325,61.508951406649615,33,55.764370114060185,0,Caution
TC,TCA,Turks and Caicos Islands,Americas,Caribbean,50828,Cockburn Town,English,United States dollar,Turks and Caicos Islands,Americas,medium,3,3,2,3,False,,turks and caicos islands,turks and caicos islands,76.582,,,,76.582,1.998,2.5,4.351335441519692,0.0,61.508951406649615,33,28.352685421994885,0,Caution
CW,CUW,Curaçao,Americas,Caribbean,156115,Willemstad,"English, Dutch, Papiamento",Netherlands Antillean guilder,Curaçao,Americas,low,2,2,2,2,False,,curaçao,curaçao,17.092,,,,17.092,1.998,2.5,2.8954698516155966,33.9789379911614,61.508951406649615,33,41.944260618459445,0,Caution
BW,BWA,Botswana,Africa,Southern Africa,2359609,Gaborone,"English, Tswana",Botswana pula,Botswana,Africa,medium,3,3,2,3,False,,botswana,botswana,10.547,botswana,1.743,43.0,10.547,1.743,2.5,2.4464256629697188,44.4593317494168,72.37851662404091,33,49.39728768697899,0,Caution
BJ,BEN,Benin,Africa,Western Africa,13224860,Porto-Novo,French,West African CFA franc,Benin,Africa,medium,3,3,2,3,False,,benin,,,benin,2.211,112.0,3.117,2.211,2.5,1.4151247427877676,68.52921173016325,52.42966751918159,33,53.04058494781978,0,Caution
LT,LTU,Lithuania,Europe,Northern Europe,2894886,Vilnius,Lithuanian,Euro,Lithuania,Europe,low,2,2,2,2,False,,lithuania,lithuania,2.628,lithuania,1.558,22.0,2.628,1.558,2.5,1.2886815322528902,71.48031246361145,80.26427962489343,33,62.57140887291261,3,Moderate
MS,MSR,Montserrat,Americas,Caribbean,4386,Plymouth,English,Eastern Caribbean dollar,Montserrat,Americas,low,2,2,2,2,False,,montserrat,montserrat,,,,,3.117,1.998,2.5,1.4151247427877676,68.52921173016325,61.508951406649615,33,55.764370114060185,0,Caution
VG,VGB,British Virgin Islands,Americas,Caribbean,39471,Road Town,English,United States dollar,British Virgin Islands,Americas,low,2,2,2,2,False,,british virgin islands,british virgin islands,8.223,,,,8.223,1.998,2.5,2.2217003642535817,49.704271284407696,61.508951406649615,33,48.23439393575796,0,Caution
BI,BDI,Burundi,Africa,Eastern Africa,12332788,Gitega,"French, Kirundi",Burundian franc,Burundi,Africa,high,4,4,3,3,False,,burundi,burundi,5.824,burundi,2.574,133.0,5.824,2.574,2.5,1.920445810189378,56.735352919338624,36.956521739130444,33,43.68109768947458,2,High Risk
UM,UMI,United States Minor Outlying Islands,Americas,North America,0,Washington DC,English,United States dollar,United States Minor Outlying Islands,Americas,unknown,3,3,3,3,False,,united states minor outlying islands,,,,,,3.117,1.998,2.5,1.4151247427877676,68.52921173016325,61.508951406649615,33,55.764370114060185,0,Caution
IE,IRL,Ireland,Europe,Northern Europe,5458600,Dublin,"English, Irish",Euro,Ireland,Europe,low,2,2,2,2,True,,ireland,ireland,0.654,ireland,1.26,2.0,0.654,1.26,2.5,0.5031965966014996,89.81301028034343,92.96675191815856,33,73.71522968758495,3,Moderate
SB,SLB,Solomon Islands,Oceania,Melanesia,750325,Honiara,English,Solomon Islands dollar,Solomon Islands,Oceania,medium,3,3,2,3,False,,solomon islands,solomon islands,3.682,,,,3.682,1.998,2.5,1.543725369068719,65.52775834303236,61.508951406649615,33,54.56378875920783,0,Caution
BM,BMU,Bermuda,Americas,North America,64055,Hamilton,English,Bermudian dollar,Bermuda,Americas,low,2,2,2,2,False,,bermuda,bermuda,6.183,,,,6.183,1.998,2.5,1.9717171230926644,55.53871445631885,61.508951406649615,33,50.56817120452242,0,Caution
FI,FIN,Finland,Europe,Northern Europe,5650325,Helsinki,"Finnish, Swedish",Euro,Finland,Europe,low,2,2,2,2,True,,finland,finland,0.982,finland,1.42,10.0,0.982,1.42,2.5,0.6841064359077962,85.59069452921383,86.14663256606991,33,69.98026758150651,3,Moderate
PE,PER,Peru,Americas,South America,34350244,Lima,"Aymara, Quechua, Spanish",Peruvian sol,Peru,Americas,medium,3,3,2,3,True,,peru,peru,8.462,peru,2.073,96.0,8.462,2.073,2.5,2.2472837772089562,49.10717138147626,58.31202046035806,33,47.03647469069792,0,Caution
BD,BGD,Bangladesh,Asia,Southern Asia,169828911,Dhaka,Bengali,Bangladeshi taka,Bangladesh,Asia,high,4,4,3,3,False,,bangladesh,bangladesh,2.34,bangladesh,2.318,123.0,2.34,2.318,2.5,1.205970806988609,73.41072597461705,47.868712702472294,33,53.62490420058851,0,Caution
DK,DNK,Denmark,Europe,Northern Europe,6011488,Copenhagen,Danish,Danish krone,Denmark,Europe,medium,3,3,2,3,True,,denmark,denmark,0.84,denmark,1.393,8.0,0.84,1.393,2.5,0.6097655716208943,87.32576103214588,87.29752770673487,33,71.01956272487882,3,Moderate
VC,VCT,Saint Vincent and the Grenadines,Americas,Caribbean,110872,Kingstown,English,Eastern Caribbean dollar,Saint Vincent and the Grenadines,Americas,low,2,2,2,2,False,,saint vincent and the grenadines,saint vincent and the grenadines,40.405,,,,40.405,1.998,2.5,3.7234016464856636,14.655558611987956,61.508951406649615,33,34.21490886679007,0,Caution
DO,DOM,Dominican Republic,Americas,Caribbean,10771504,Santo Domingo,Spanish,Dominican peso,Dominican Republic,Americas,medium,3,3,2,3,False,,dominican republic,dominican republic,12.37,dominican republic,1.996,79.0,12.37,1.996,2.5,2.5930133911138515,41.03807132577918,61.594202898550726,33,44.79348939987689,0,Caution
MD,MDA,Moldova,Europe,Eastern Europe,2749076,Chișinău,Romanian,Moldovan leu,Moldova,Europe,medium,3,3,2,3,False,,moldova,moldova,2.543,moldova,1.918,66.0,2.543,1.918,2.5,1.264973825883335,72.03363461795733,64.91901108269394,33,58.18915717199112,3,Moderate
BG,BGR,Bulgaria,Europe,Southeast Europe,6437360,Sofia,Bulgarian,Bulgarian lev,Bulgaria,Europe,low,2,2,2,2,False,,bulgaria,bulgaria,1.088,bulgaria,1.61,29.0,1.088,1.61,2.5,0.7362066700203923,84.37470959453762,78.04774083546462,33,67.06420608845444,3,Moderate
CR,CRI,Costa Rica,Americas,Central America,5309625,San José,Spanish,Costa Rican colón,Costa Rica,Americas,medium,3,3,2,3,False,,costa rica,costa rica,17.745,costa rica,1.843,54.0,17.745,1.843,2.5,2.9309270501878752,33.15139047579831,68.11594202898551,33,43.595338799014975,0,Caution
NA,NAM,Namibia,Africa,Southern Africa,3022401,Windhoek,"Afrikaans, German, English","Namibian dollar, South African rand",Namibia,Africa,medium,3,3,2,3,False,,namibia,namibia,12.45,namibia,1.789,50.0,12.45,1.789,2.5,2.598979106047848,40.898835493006615,70.41773231031543,33,47.38485389029727,0,Caution
SJ,SJM,Svalbard and Jan Mayen,Europe,Northern Europe,2530,Longyearbyen,Norwegian,krone,Svalbard and Jan Mayen,Europe,unknown,3,3,3,3,False,,svalbard and jan mayen,,,,,,3.117,1.998,2.5,1.4151247427877676,68.52921173016325,61.508951406649615,33,55.764370114060185,0,Caution
LU,LUX,Luxembourg,Europe,Western Europe,681973,Luxembourg,"German, French, Luxembourgish",Euro,Luxembourg,Europe,low,2,2,2,2,False,,luxembourg,luxembourg,1.544,,,,1.544,1.998,2.5,0.9337376454778757,79.76446754132334,61.508951406649615,33,60.258472438524215,3,Moderate
RU,RUS,Russia,Europe,Eastern Europe,146028325,Moscow,Russian,Russian ruble,Russia,Europe,high,4,4,3,3,False,4.0,russia,russia,6.799,russia,3.441,163.0,6.799,3.441,4.0,2.053995520348361,53.61839119450756,0.0,0,21.447356477803027,2,High Risk
AE,ARE,United Arab Emirates,Asia,Western Asia,11294243,Abu Dhabi,Arabic,United Arab Emirates dirham,United Arab Emirates,Asia,medium,3,3,2,3,True,2.0,united arab emirates,united arab emirates,0.752,united arab emirates,1.812,52.0,0.752,1.812,2.0,0.5607579925141997,88.4695654486463,69.43734015345268,66,76.01902822549432,1,Safe
SX,SXM,Sint Maarten,Americas,Caribbean,41349,Philipsburg,"English, French, Dutch",Netherlands Antillean guilder,Sint Maarten,Americas,low,2,2,2,2,False,,sint maarten,,,,,,3.117,1.998,2.5,1.4151247427877676,68.52921173016325,61.508951406649615,33,55.764370114060185,0,Caution
BS,BHS,Bahamas,Americas,Caribbean,398165,Nassau,English,"Bahamian dollar, United States dollar",Bahamas,Americas,medium,3,3,2,3,False,,bahamas,bahamas,31.221,,,,31.221,1.998,2.5,3.4726184138904177,20.508673053780782,61.508951406649615,33,36.55615464350719,0,Caution
JP,JPN,Japan,Asia,Eastern Asia,123210000,Tokyo,Japanese,Japanese yen,Japan,Asia,low,2,2,2,2,True,1.0,japan,japan,0.23,japan,1.44,12.0,0.23,1.44,1.0,0.20701416938432612,96.72571183622468,85.29411764705883,100,94.27852002860752,1,Safe
NG,NGA,Nigeria,Africa,Western Africa,223800000,Abuja,English,Nigerian naira,Nigeria,Africa,high,4,4,3,3,False,,nigeria,nigeria,21.741,nigeria,2.869,148.0,21.741,2.869,2.5,3.1241694627292924,28.64124063879325,24.381926683716955,33,28.671074260632388,2,High Risk
GH,GHA,Ghana,Africa,Western Africa,33742380,Accra,English,Ghanaian cedi,Ghana,Africa,medium,3,3,2,3,False,,ghana,ghana,1.813,ghana,1.898,61.0,1.813,1.898,2.5,1.0342515295077197,77.41854010380088,65.77152600170504,33,60.59887384203186,3,Moderate
SL,SLE,Sierra Leone,Africa,Western Africa,9077691,Freetown,English,Leone,Sierra Leone,Africa,medium,3,3,2,3,False,,sierra leone,sierra leone,2.137,sierra leone,1.887,57.0,2.137,1.887,2.5,1.1432669292085411,74.87419292491062,66.24040920716112,33,59.72179993211258,3,Moderate
PM,SPM,Saint Pierre and Miquelon,Americas,North America,5819,Saint-Pierre,French,Euro,Saint Pierre and Miquelon,Americas,unknown,3,3,3,3,False,,saint pierre and miquelon,saint pierre and miquelon,16.518,,,,16.518,1.998,2.5,2.8632289237408974,34.73141988003144,61.508951406649615,33,42.245253374007454,0,Caution
AL,ALB,Albania,Europe,Southeast Europe,2363314,Tirana,Albanian,Albanian lek,Albania,Europe,medium,3,3,2,3,False,,albania,albania,1.387,albania,1.812,52.0,1.387,1.812,2.5,0.870037347356693,81.25119028199938,69.43734015345268,33,63.23167815883556,3,Moderate
TK,TKL,Tokelau,Oceania,Polynesia,2608,Fakaofo,"English, Samoan, Tokelauan",New Zealand dollar,Tokelau,Oceania,unknown,3,3,3,3,False,,tokelau,,,,,,3.117,1.998,2.5,1.4151247427877676,68.52921173016325,61.508951406649615,33,55.764370114060185,0,Caution
SH,SHN,"Saint Helena, Ascension and Tristan da Cunha",Africa,Western Africa,5651,Jamestown,English,"Pound sterling, Saint Helena pound","Saint Helena, Ascension and Tristan da Cunha",Africa,unknown,3,3,3,3,False,,"saint helena, ascension and tristan da cunha",,,,,,3.117,1.998,2.5,1.4151247427877676,68.52921173016325,61.508951406649615,33,55.764370114060185,0,Caution
TO,TON,Tonga,Oceania,Polynesia,100179,Nuku'alofa,"English, Tongan",Tongan paʻanga,Tonga,Oceania,low,2,2,2,2,False,,tonga,tonga,0.953,,,,0.953,1.998,2.5,0.6693666518945418,85.93471131926826,61.508951406649615,33,62.72656994970219,3,Moderate
TM,TKM,Turkmenistan,Asia,Central Asia,7057841,Ashgabat,"Russian, Turkmen",Turkmenistan manat,Turkmenistan,Asia,low,2,2,2,2,False,,turkmenistan,turkmenistan,1.093,turkmenistan,2.019,87.0,1.093,2.019,2.5,0.7385984434638627,84.31888718751861,60.61381074168797,33,61.81169809751383,3,Moderate
DJ,DJI,Djibouti,Africa,Eastern Africa,1066809,Djibouti,"Arabic, French",Djiboutian franc,Djibouti,Africa,medium,3,3,2,3,False,,djibouti,,,djibouti,2.276,122.0,3.117,2.276,2.5,1.4151247427877676,68.52921173016325,49.658994032395576,33,52.209382901783975,0,Caution
CF,CAF,Central African Republic,Africa,Middle Africa,6470307,Bangui,"French, Sango",Central African CFA franc,Central African Republic,Africa,high,4,4,3,3,False,,central african republic,,,central african republic,2.912,150.0,3.117,2.912,2.5,1.4151247427877676,68.52921173016325,22.54901960784315,33,44.07639057441825,2,High Risk
LB,LBN,Lebanon,Asia,Western Asia,5490000,Beirut,"Arabic, French",Lebanese pound,Lebanon,Asia,high,4,4,3,3,False,,lebanon,lebanon,2.26,lebanon,2.674,136.0,2.26,2.674,2.5,1.1817271953786161,73.97655580210271,32.693947144075025,33,49.29880646406359,2,High Risk
LV,LVA,Latvia,Europe,Northern Europe,1829000,Riga,Latvian,Euro,Latvia,Europe,low,2,2,2,2,False,,latvia,latvia,2.497,latvia,1.558,22.0,2.497,1.558,2.5,1.2519054580812388,72.33864166137703,80.26427962489343,33,62.91474055201884,3,Moderate
CC,CCK,Cocos (Keeling) Islands,Oceania,Australia and New Zealand,593,West Island,English,Australian dollar,Cocos (Keeling) Islands,Oceania,unknown,3,3,3,3,False,,cocos islands,,,,,,3.117,1.998,2.5,1.4151247427877676,68.52921173016325,61.508951406649615,33,55.764370114060185,0,Caution
GM,GMB,Gambia,Africa,Western Africa,2422712,Banjul,English,dalasi,Gambia,Africa,medium,3,3,2,3,False,,gambia,,,gambia,1.855,55.0,3.117,1.855,2.5,1.4151247427877676,68.52921173016325,67.60443307757885,33,57.59301461533895,3,Moderate
HN,HND,Honduras,Americas,Central America,9892632,Tegucigalpa,Spanish,Honduran lempira,Honduras,Americas,high,4,4,3,3,False,,honduras,honduras,31.442,honduras,2.347,124.0,31.442,2.347,2.5,3.479453879627923,20.34913781368303,46.632566069906225,33,32.029424946445076,0,Caution
NU,NIU,Niue,Oceania,Polynesia,1681,Alofi,"English, Niuean",New Zealand dollar,Niue,Oceania,unknown,3,3,3,3,False,,niue,,,,,,3.117,1.998,2.5,1.4151247427877676,68.52921173016325,61.508951406649615,33,55.764370114060185,0,Caution
MR,MRT,Mauritania,Africa,Western Africa,4927532,Nouakchott,Arabic,Mauritanian ouguiya,Mauritania,Africa,high,4,4,3,3,False,,mauritania,mauritania,1.023,mauritania,2.204,110.0,1.023,2.204,2.5,0.7045815581856084,85.11281874516906,52.72804774083546,33,59.76354182031826,3,Moderate
XK,UNK,Kosovo,Europe,Southeast Europe,1585566,Pristina,"Albanian, Serbian",Euro,Kosovo,Europe,medium,3,3,2,3,False,,kosovo,kosovo,1.986,kosovo,1.908,63.0,1.986,1.908,2.5,1.0939346991169987,76.02557448023444,65.34526854219949,33,59.91381035475362,3,Moderate
WF,WLF,Wallis and Futuna,Oceania,Polynesia,11620,Mata-Utu,French,CFP franc,Wallis and Futuna,Oceania,unknown,3,3,3,3,False,,wallis and futuna,,,,,,3.117,1.998,2.5,1.4151247427877676,68.52921173016325,61.508951406649615,33,55.764370114060185,0,Caution
GS,SGS,South Georgia,Antarctic,,0,King Edward Point,English,British pound,South Georgia,Antarctic,unknown,3,3,3,3,False,,south georgia,,,,,,3.117,1.998,2.5,1.4151247427877676,68.52921173016325,61.508951406649615,33,55.764370114060185,0,Caution
PF,PYF,French Polynesia,Oceania,Polynesia,279500,Papeetē,French,CFP franc,French Polynesia,Oceania,low,2,2,2,2,False,,french polynesia,french polynesia,0.354,,,,0.354,1.998,2.5,0.30306317449008324,94.48399171368489,61.508951406649615,33,66.14628210746885,3,Moderate
TG,TGO,Togo,Africa,Western Africa,8095498,Lomé,French,West African CFA franc,Togo,Africa,medium,3,3,2,3,False,,togo,,,togo,2.381,126.0,3.117,2.381,2.5,1.4151247427877676,68.52921173016325,45.183290707587396,33,50.86667190434152,0,Caution
BE,BEL,Belgium,Europe,Western Europe,11825551,Brussels,"German, French, Dutch",Euro,Belgium,Europe,medium,3,3,2,3,True,,belgium,belgium,1.077,belgium,1.492,16.0,1.077,1.492,2.5,0.7309245448939752,84.49799089425149,83.07757885763002,33,68.6224700149896,3,Moderate
ZM,ZMB,Zambia,Africa,Eastern Africa,19693423,Lusaka,English,Zambian kwacha,Zambia,Africa,low,2,2,2,2,False,,zambia,zambia,5.25,zambia,1.914,64.0,5.25,1.914,2.5,1.8325814637483102,58.78604853303991,65.08951406649616,33,52.94127363316481,0,Caution
KY,CYM,Cayman Islands,Americas,Caribbean,84738,George Town,English,Cayman Islands dollar,Cayman Islands,Americas,low,2,2,2,2,False,,cayman islands,cayman islands,4.457,,,,4.457,1.998,2.5,1.696899188204095,61.952782920601244,61.508951406649615,33,53.13379859023538,0,Caution
PN,PCN,Pitcairn Islands,Oceania,Polynesia,35,Adamstown,English,New Zealand dollar,Pitcairn Islands,Oceania,unknown,3,3,3,3,False,,pitcairn islands,,,,,,3.117,1.998,2.5,1.4151247427877676,68.52921173016325,61.508951406649615,33,55.764370114060185,0,Caution
CK,COK,Cook Islands,Oceania,Polynesia,15040,Avarua,"English, Cook Islands Māori","Cook Islands dollar, New Zealand dollar",Cook Islands,Oceania,unknown,3,3,3,3,False,,cook islands,cook islands,3.49,,,,3.49,1.998,2.5,1.501852701754163,66.50503864697825,61.508951406649615,33,54.954700880786184,0,Caution
MG,MDG,Madagascar,Africa,Eastern Africa,31727042,Antananarivo,"French, Malagasy",Malagasy ariary,Madagascar,Africa,high,4,4,3,3,False,,madagascar,,,madagascar,1.895,59.0,3.117,1.895,2.5,1.4151247427877676,68.52921173016325,65.89940323955669,33,57.08150566393231,0,Caution
ME,MNE,Montenegro,Europe,Southeast Europe,623327,Podgorica,Montenegrin,Euro,Montenegro,Europe,low,2,2,2,2,False,,montenegro,montenegro,0.789,montenegro,1.685,34.0,0.789,1.685,2.5,0.5816568045265821,87.9818010269977,74.85080988917306,33,67.547963377551,3,Moderate
KR,KOR,South Korea,Asia,Eastern Asia,51159889,Seoul,Korean,South Korean won,South Korea,Asia,low,2,2,2,2,True,1.0,south korea,south korea,0.48,south korea,1.736,41.0,0.48,1.736,1.0,0.3920420877760237,92.4072828485052,72.6768968456948,100,88.76598219311052,1,Safe
ET,ETH,Ethiopia,Africa,Eastern Africa,111652998,Addis Ababa,Amharic,Ethiopian birr,Ethiopia,Africa,high,4,4,3,3,False,,ethiopia,ethiopia,8.632,ethiopia,2.688,138.0,8.632,2.688,2.5,2.265090888566465,48.691565204082956,32.09718670076725,33,39.00578209186336,2,High Risk
MN,MNG,Mongolia,Asia,Eastern Asia,3544835,Ulan Bator,Mongolian,Mongolian tögrög,Mongolia,Asia,low,2,2,2,2,False,,mongolia,mongolia,5.915,mongolia,1.719,37.0,5.915,1.719,2.5,1.9336929651167216,56.42617310290709,73.40153452685422,33,54.49092959921911,0,Caution
SK,SVK,Slovakia,Europe,Central Europe,5413813,Bratislava,Slovak,Euro,Slovakia,Europe,low,2,2,2,2,False,,slovakia,slovakia,1.124,slovakia,1.609,28.0,1.124,1.609,2.5,0.7533011033796925,83.97573684929404,78.09036658141517,33,66.91740471414217,3,Moderate
CU,CUB,Cuba,Americas,Caribbean,9748007,Havana,Spanish,"Cuban convertible peso, Cuban peso",Cuba,Americas,medium,3,3,2,3,False,,cuba,cuba,4.418,cuba,2.123,102.0,4.418,2.123,2.5,1.6897267436629033,62.1201830226438,56.18073316283034,33,51.60229315790662,0,Caution
AQ,ATA,Antarctica,Antarctic,,1300,N/A,N/A,N/A,Antarctica,Antarctic,medium,3,3,2,3,False,,antarctica,,,,,,3.117,1.998,2.5,1.4151247427877676,68.52921173016325,61.508951406649615,33,55.764370114060185,0,Caution
GT,GTM,Guatemala,Americas,Central America,18079810,Guatemala City,Spanish,Guatemalan quetzal,Guatemala,Americas,high,4,4,3,3,False,,guatemala,guatemala,19.99,guatemala,2.174,108.0,19.99,2.174,2.5,3.0440461338325417,30.511266033381673,54.00682011935209,33,38.306552449158296,0,Caution
GF,GUF,French Guiana,Americas,South America,292354,Cayenne,French,Euro,French Guiana,Americas,low,2,2,2,2,False,,french guiana,french guiana,13.3,,,,13.3,1.998,2.5,2.6602595372658615,39.46859084207996,61.508951406649615,33,44.140121758826865,0,Caution
NO,NOR,Norway,Europe,Northern Europe,5606944,Oslo,"Norwegian Nynorsk, Norwegian Bokmål, Sami",Norwegian krone,Norway,Europe,low,2,2,2,2,True,,norway,norway,0.725,norway,1.644,32.0,0.725,1.644,2.5,0.5452270504833231,88.83204734249081,76.59846547314578,33,68.41235857894007,3,Moderate
GD,GRD,Grenada,Americas,Caribbean,109021,St. George's,English,Eastern Caribbean dollar,Grenada,Americas,low,2,2,2,2,False,,grenada,grenada,6.378,,,,6.378,1.998,2.5,1.9985025991744838,54.91355919668542,61.508951406649615,33,50.318109100669055,0,Caution
RE,REU,Réunion,Africa,Eastern Africa,896175,Saint-Denis,French,Euro,Réunion,Africa,unknown,3,3,3,3,False,,réunion,réunion,1.699,,,,1.699,1.998,2.5,0.9928813340358676,78.38409304795205,61.508951406649615,33,59.7063226411757,3,Moderate
CL,CHL,Chile,Americas,South America,20206953,Santiago,Spanish,Chilean peso,Chile,Americas,medium,3,3,2,3,True,,chile,chile,6.348,chile,1.899,62.0,6.348,1.899,2.5,1.9944281673528792,55.0086537350656,65.72890025575447,33,51.62213157075258,0,Caution
CO,COL,Colombia,Americas,South America,53057212,Bogotá,Spanish,Colombian peso,Colombia,Americas,high,4,4,3,3,True,,colombia,colombia,25.269,colombia,2.695,140.0,25.269,2.695,2.5,3.2683895367376614,25.275239693517875,31.798806479113395,33,29.54973782114117,2,High Risk
SA,SAU,Saudi Arabia,Asia,Western Asia,35300280,Riyadh,Arabic,Saudi riyal,Saudi Arabia,Asia,medium,3,3,2,3,True,,saudi arabia,saudi arabia,0.795,saudi arabia,2.035,90.0,0.795,2.035,2.5,0.5850050219402422,87.90365585159921,59.93179880647911,33,63.04100198258342,3,Moderate
IL,ISR,Israel,Asia,Western Asia,10134800,Jerusalem,"Arabic, Hebrew",Israeli new shekel,Israel,Asia,unknown,3,3,3,3,True,3.0,israel,israel,1.626,israel,3.108,155.0,1.626,3.108,3.0,0.9654617758806044,79.02404736294078,14.194373401534534,33,45.76793096563667,2,High Risk
DE,DEU,Germany,Europe,Western Europe,83491249,Berlin,German,Euro,Germany,Europe,medium,3,3,2,3,True,2.0,germany,germany,0.91,germany,1.533,20.0,0.91,1.533,2.0,0.6471032420585385,86.45432454973083,81.3299232736573,66,78.78070680198952,1,Safe
NZ,NZL,New Zealand,Oceania,Australia and New Zealand,5324700,Wellington,"English, Māori, New Zealand Sign Language",New Zealand dollar,New Zealand,Oceania,low,2,2,2,2,True,,new zealand,new zealand,1.111,new zealand,1.282,3.0,1.111,1.282,2.5,0.7471617688661836,84.11902484798577,92.02898550724638,33,71.15630559136822,3,Moderate
GL,GRL,Greenland,Americas,North America,56542,Nuuk,Greenlandic,krone,Greenland,Americas,medium,3,3,2,3,False,,greenland,greenland,5.365,,,,5.365,1.998,2.5,1.85081423200937,58.3605078056225,61.508951406649615,33,51.69688854424388,0,Caution
KG,KGZ,Kyrgyzstan,Asia,Central Asia,7281800,Bishkek,"Kyrgyz, Russian",Kyrgyzstani som,Kyrgyzstan,Asia,low,2,2,2,2,False,,kyrgyzstan,,,,,,3.117,1.998,2.5,1.4151247427877676,68.52921173016325,61.508951406649615,33,55.764370114060185,0,Caution
SV,SLV,El Salvador,Americas,Central America,6029976,San Salvador,Spanish,United States dollar,El Salvador,Americas,low,2,2,2,2,False,,el salvador,el salvador,7.828,el salvador,2.136,104.0,7.828,2.136,2.5,2.17792848839449,50.72587785707962,55.626598465473144,33,46.878330682473795,0,Caution
FO,FRO,Faroe Islands,Europe,Northern Europe,54885,Tórshavn,"Danish, Faroese","Danish krone, Faroese króna",Faroe Islands,Europe,unknown,3,3,3,3,False,,faroe islands,,,,,,3.117,1.998,2.5,1.4151247427877676,68.52921173016325,61.508951406649615,33,55.764370114060185,0,Caution
PW,PLW,Palau,Oceania,Micronesia,16733,Ngerulmud,"English, Palauan",United States dollar,Palau,Oceania,low,2,2,2,2,False,,palau,palau,11.195,,,,11.195,1.998,2.5,2.501026031667884,43.1849953304815,61.508951406649615,33,45.62668355418748,0,Caution
MT,MLT,Malta,Europe,Southern Europe,574250,Valletta,"English, Maltese",Euro,Malta,Europe,low,2,2,2,2,False,,malta,malta,0.563,,,,0.563,1.998,2.5,0.44660705143933954,91.13377275961855,61.508951406649615,33,64.80619452584232,3,Moderate
SY,SYR,Syria,Asia,Western Asia,25620000,Damascus,Arabic,Syrian pound,Syria,Asia,high,4,4,3,3,False,,syria,syria,2.073,syria,3.184,157.0,2.073,3.184,2.5,1.1226542831483477,75.35527842289207,10.954816709292402,33,43.32855638194455,2,High Risk
TL,TLS,Timor-Leste,Asia,South-Eastern Asia,1391221,Dili,"Portuguese, Tetum",United States dollar,Timor-Leste,Asia,medium,3,3,2,3,False,,timor-leste,timor-leste,4.064,timor-leste,1.758,44.0,4.064,1.758,2.5,1.6221566848418751,63.69722341336427,71.73913043478261,33,56.90062849578049,0,Caution
HR,HRV,Croatia,Europe,Southeast Europe,3866233,Zagreb,Croatian,Euro,Croatia,Europe,low,2,2,2,2,True,,croatia,croatia,0.769,croatia,1.519,19.0,0.769,1.519,2.5,0.5704144151776482,88.24419094349066,81.92668371696504,33,69.77568149248579,3,Moderate
PG,PNG,Papua New Guinea,Oceania,Melanesia,11781559,Port Moresby,"English, Hiri Motu, Tok Pisin",Papua New Guinean kina,Papua New Guinea,Oceania,high,4,4,3,3,False,,papua new guinea,papua new guinea,9.402,papua new guinea,2.23,116.0,9.402,2.23,2.5,2.3419980953508808,46.89660196810645,51.61977834612106,33,44.1445742910789,0,Caution
NL,NLD,Netherlands,Europe,Western Europe,18100436,Amsterdam,Dutch,Euro,Netherlands,Europe,medium,3,3,2,3,True,,netherlands,netherlands,0.691,netherlands,1.491,14.0,0.691,1.491,2.5,0.5253200699164432,89.29666307553924,83.12020460358056,33,70.55472661128987,3,Moderate
LR,LBR,Liberia,Africa,Western Africa,5248621,Monrovia,English,Liberian dollar,Liberia,Africa,medium,3,3,2,3,False,,liberia,liberia,3.117,liberia,1.939,70.0,3.117,1.939,2.5,1.4151247427877676,68.52921173016325,64.02387041773231,33,56.51884581738499,0,Caution
SO,SOM,Somalia,Africa,Eastern Africa,19655000,Mogadishu,"Arabic, Somali",Somali shilling,Somalia,Africa,high,4,4,3,3,False,,somalia,,,somalia,2.983,151.0,3.117,2.983,2.5,1.4151247427877676,68.52921173016325,19.5225916453538,33,43.168462185671444,2,High Risk
VE,VEN,Venezuela,Americas,South America,28517000,Caracas,Spanish,Venezuelan bolívar soberano,Venezuela,Americas,high,4,4,3,3,False,,venezuela,venezuela,12.607,venezuela,2.692,139.0,12.607,2.692,2.5,2.6105843662087214,40.62797641225618,31.926683716965044,33,35.72919567999198,2,High Risk
HT,HTI,Haiti,Americas,Caribbean,11867032,Port-au-Prince,"French, Haitian Creole",Haitian gourde,Haiti,Americas,high,4,4,3,3,False,,haiti,haiti,41.152,haiti,2.731,141.0,41.152,2.731,2.5,3.7412821329069845,14.238239909234721,30.264279624893447,33,24.674579851161923,2,High Risk
DZ,DZA,Algeria,Africa,Northern Africa,47400000,Algiers,Arabic,Algerian dinar,Algeria,Africa,medium,3,3,2,3,False,,algeria,algeria,1.161,algeria,2.042,92.0,1.161,2.042,2.5,0.770571077524749,83.57266709845084,59.63341858482524,33,61.219092414827905,3,Moderate
MP,MNP,Northern Mariana Islands,Oceania,Micronesia,47329,Saipan,"Carolinian, Chamorro, English",United States dollar,Northern Mariana Islands,Oceania,unknown,3,3,3,3,False,,northern mariana islands,,,,,,3.117,1.998,2.5,1.4151247427877676,68.52921173016325,61.508951406649615,33,55.764370114060185,0,Caution
MF,MAF,Saint Martin,Americas,Caribbean,31496,Marigot,French,Euro,Saint Martin,Americas,unknown,3,3,3,3,False,,saint martin,saint martin,28.727,,,,28.727,1.998,2.5,3.392055723744872,22.38895284872872,61.508951406649615,33,37.30826656148637,0,Caution
HM,HMD,Heard Island and McDonald Islands,Antarctic,,0,N/A,English,N/A,Heard Island and McDonald Islands,Antarctic,unknown,3,3,3,3,False,,heard island and mcdonald islands,,,,,,3.117,1.998,2.5,1.4151247427877676,68.52921173016325,61.508951406649615,33,55.764370114060185,0,Caution
AW,ABW,Aruba,Americas,Caribbean,107566,Oranjestad,"Dutch, Papiamento",Aruban florin,Aruba,Americas,low,2,2,2,2,False,,aruba,aruba,1.931,,,,1.931,1.998,2.5,1.0753436617287555,76.45947697163689,61.508951406649615,33,58.93647621064964,3,Moderate
EG,EGY,Egypt,Africa,Northern Africa,107271260,Cairo,Arabic,Egyptian pound,Egypt,Africa,medium,3,3,2,3,True,3.0,egypt,egypt,1.336,egypt,2.157,107.0,1.336,2.157,3.0,0.8484400649659807,81.75525653936589,54.73145780051151,33,59.021539955899804,3,Moderate
MW,MWI,Malawi,Africa,Eastern Africa,20734262,Lilongwe,"English, Chewa",Malawian kwacha,Malawi,Africa,medium,3,3,2,3,False,,malawi,malawi,1.791,malawi,1.955,71.0,1.791,1.955,2.5,1.026399954554185,77.60179065957277,63.34185848252344,33,59.94327380858614,3,Moderate
GQ,GNQ,Equatorial Guinea,Africa,Middle Africa,1668768,Malabo,"French, Portuguese, Spanish",Central African CFA franc,Equatorial Guinea,Africa,medium,3,3,2,3,False,,equatorial guinea,,,equatorial guinea,2.004,82.0,3.117,2.004,2.5,1.4151247427877676,68.52921173016325,61.25319693094629,33,55.68764377134919,0,Caution
VI,VIR,United States Virgin Islands,Americas,Caribbean,87146,Charlotte Amalie,English,United States dollar,United States Virgin Islands,Americas,unknown,3,3,3,3,False,,united states virgin islands,,,,,,3.117,1.998,2.5,1.4151247427877676,68.52921173016325,61.508951406649615,33,55.764370114060185,0,Caution
EC,ECU,Ecuador,Americas,South America,18103660,Quito,Spanish,United States dollar,Ecuador,Americas,medium,3,3,2,3,False,,ecuador,ecuador,45.723,ecuador,2.459,129.0,45.723,2.459,2.5,3.844236548787215,11.835352075790524,41.85848252344416,33,27.191685587349454,0,Caution
UZ,UZB,Uzbekistan,Asia,Central Asia,37859698,Tashkent,"Russian, Uzbek",Uzbekistani soʻm,Uzbekistan,Asia,low,2,2,2,2,False,,uzbekistan,uzbekistan,1.405,uzbekistan,1.926,67.0,1.405,1.926,2.5,0.8775499035577246,81.07585219922571,64.57800511508952,33,61.70374241421714,3,Moderate
GA,GAB,Gabon,Africa,Middle Africa,2469296,Libreville,French,Central African CFA franc,Gabon,Africa,medium,3,3,2,3,False,,gabon,,,gabon,2.238,117.0,3.117,2.238,2.5,1.4151247427877676,68.52921173016325,51.27877237851662,33,52.69531640562029,0,Caution
SS,SSD,South Sudan,Africa,Middle Africa,15786898,Juba,English,South Sudanese pound,South Sudan,Africa,high,4,4,3,3,False,,south sudan,south sudan,14.054,south sudan,3.117,156.0,14.054,3.117,2.5,2.71164373661234,38.26931768429176,13.81074168797953,33,29.350949580110566,2,High Risk
IR,IRN,Iran,Asia,Southern Asia,85961000,Tehran,Persian (Farsi),Iranian rial,Iran,Asia,high,4,4,3,3,False,,iran,iran,2.421,iran,2.75,142.0,2.421,2.75,2.5,1.2299329059954676,72.85146646471563,29.454390451832907,33,47.87690372143612,2,High Risk
KZ,KAZ,Kazakhstan,Asia,Central Asia,20426568,Astana,"Kazakh, Russian",Kazakhstani tenge,Kazakhstan,Asia,low,2,2,2,2,False,,kazakhstan,kazakhstan,2.634,kazakhstan,1.875,56.0,2.634,1.875,2.5,1.2903339699739793,71.44174566235692,66.75191815856778,33,58.5022737125131,3,Moderate
NI,NIC,Nicaragua,Americas,Central America,6803886,Managua,Spanish,Nicaraguan córdoba,Nicaragua,Americas,high,4,4,3,3,False,,nicaragua,nicaragua,11.006,nicaragua,2.207,111.0,11.006,2.207,2.5,2.4854065248296515,43.54954426823322,52.600170502983815,33,43.09986885818843,0,Caution
IS,ISL,Iceland,Europe,Northern Europe,391810,Reykjavik,Icelandic,Icelandic króna,Iceland,Europe,low,2,2,2,2,False,,iceland,iceland,1.073,iceland,1.095,1.0,1.073,1.095,2.5,0.7289968334536425,84.54298240167508,100.0,33,73.71719296067003,3,Moderate
SI,SVN,Slovenia,Europe,Central Europe,2130638,Ljubljana,Slovene,Euro,Slovenia,Europe,low,2,2,2,2,False,,slovenia,slovenia,0.566,slovenia,1.409,9.0,0.566,1.409,2.5,0.44852459756861135,91.08901850381804,86.615515771526,33,72.32026213298502,3,Moderate
GP,GLP,Guadeloupe,Americas,Caribbean,378561,Basse-Terre,French,Euro,Guadeloupe,Americas,unknown,3,3,3,3,False,,guadeloupe,guadeloupe,5.781,,,,5.781,1.998,2.5,1.9141245837017051,56.88288615615814,61.508951406649615,33,51.10583988445814,0,Caution
CM,CMR,Cameroon,Africa,Middle Africa,29442327,Yaoundé,"English, French",Central African CFA franc,Cameroon,Africa,medium,3,3,2,3,False,,cameroon,cameroon,4.537,cameroon,2.683,137.0,4.537,2.683,2.5,1.71145283784083,61.61311038353394,32.31031543052005,33,44.23833878256959,2,High Risk
AR,ARG,Argentina,Americas,South America,46735004,Buenos Aires,"Guaraní, Spanish",Argentine peso,Argentina,Americas,low,2,2,2,2,True,1.0,argentina,argentina,4.309,argentina,1.768,46.0,4.309,1.768,1.0,1.6694034936015345,62.594514209810335,71.31287297527706,100,76.43166757650725,1,Safe
AZ,AZE,Azerbaijan,Asia,Western Asia,10241722,Baku,Azerbaijani,Azerbaijani manat,Azerbaijan,Asia,medium,3,3,2,3,False,,azerbaijan,azerbaijan,2.365,azerbaijan,2.067,95.0,2.365,2.067,2.5,1.213427963096691,73.2366808932963,58.567774936061376,33,56.765004838136925,3,Moderate
UG,UGA,Uganda,Africa,Eastern Africa,45905417,Kampala,"English, Swahili",Ugandan shilling,Uganda,Africa,high,4,4,3,3,False,,uganda,uganda,8.768,uganda,2.217,113.0,8.768,2.217,2.5,2.2791117368084035,48.36432789845525,52.17391304347826,33,44.89790507242558,0,Caution
NE,NER,Niger,Africa,Western Africa,26312034,Niamey,French,West African CFA franc,Niger,Africa,high,4,4,3,3,False,,niger,niger,4.389,niger,2.759,143.0,4.389,2.759,2.5,1.6843598389513597,62.245443021686725,29.07075873827793,33,43.519404830158074,2,High Risk
CX,CXR,Christmas Island,Oceania,Australia and New Zealand,1692,Flying Fish Cove,English,Australian dollar,Christmas Island,Oceania,unknown,3,3,3,3,False,,christmas island,,,,,,3.117,1.998,2.5,1.4151247427877676,68.52921173016325,61.508951406649615,33,55.764370114060185,0,Caution
MM,MMR,Myanmar,Asia,South-Eastern Asia,51316756,Naypyidaw,Burmese,Burmese kyat,Myanmar,Asia,high,4,4,3,3,False,,myanmar,myanmar,3.872,myanmar,3.045,153.0,3.872,3.045,2.5,1.5835045304075959,64.59933908108445,16.87979539641944,33,40.80367425135962,2,High Risk
PL,POL,Poland,Europe,Central Europe,37392000,Warsaw,Polish,Polish złoty,Poland,Europe,low,2,2,2,2,True,,poland,poland,0.802,poland,1.713,36.0,0.802,1.713,2.5,0.5888971591861462,87.81281594779986,73.65728900255755,33,67.12231307988722,3,Moderate
JO,JOR,Jordan,Asia,Western Asia,11734000,Amman,Arabic,Jordanian dinar,Jordan,Asia,medium,3,3,2,3,False,,jordan,jordan,0.988,jordan,1.957,72.0,0.988,1.957,2.5,0.6871291082343823,85.52014736039214,63.25660699062233,33,63.08504104134356,3,Moderate
HK,HKG,Hong Kong,Asia,Eastern Asia,7527500,City of Victoria,"English, Chinese",Hong Kong dollar,Hong Kong,Asia,medium,3,3,2,3,False,,hong kong,hong kong,0.401,,,,0.401,1.998,2.5,0.33718626735486995,93.68758134135402,61.508951406649615,33,65.8277179585365,3,Moderate
CD,COD,DR Congo,Africa,Middle Africa,112832000,Kinshasa,"French, Kikongo, Lingala",Congolese franc,DR Congo,Africa,unknown,3,3,3,3,False,,dr congo,,,,,,3.117,1.998,2.5,1.4151247427877676,68.52921173016325,61.508951406649615,33,55.764370114060185,0,Caution
ER,ERI,Eritrea,Africa,Eastern Africa,3607000,Asmara,"Arabic, English, Tigrinya",Eritrean nakfa,Eritrea,Africa,medium,3,3,2,3,False,,eritrea,eritrea,14.573,eritrea,2.542,132.0,14.573,2.542,2.5,2.745538645513202,37.47823297444961,38.32054560954818,33,36.3874568726443,2,High Risk
KI,KIR,Kiribati,Oceania,Micronesia,120740,South Tarawa,"English, Gilbertese","Australian dollar, Kiribati dollar",Kiribati,Oceania,low,2,2,2,2,False,,kiribati,kiribati,7.167,,,,7.167,1.998,2.5,2.1001016443761387,52.54230481660515,61.508951406649615,33,49.36960734863694,0,Caution
MH,MHL,Marshall Islands,Oceania,Micronesia,42418,Majuro,"English, Marshallese",United States dollar,Marshall Islands,Oceania,low,2,2,2,2,False,,marshall islands,marshall islands,4.013,,,,4.013,1.998,2.5,1.6120345382813663,63.93346760561806,61.508951406649615,33,53.926072464242104,0,Caution
BF,BFA,Burkina Faso,Africa,Western Africa,24070553,Ouagadougou,French,West African CFA franc,Burkina Faso,Africa,high,4,4,3,3,False,,burkina faso,,,burkina faso,3.016,152.0,3.117,3.016,2.5,1.4151247427877676,68.52921173016325,18.115942028985515,33,42.746467300760955,2,High Risk
ZW,ZWE,Zimbabwe,Africa,Southern Africa,17073087,Harare,"Chibarwe, English, Kalanga",Zimbabwean dollar,Zimbabwe,Africa,medium,3,3,2,3,False,,zimbabwe,zimbabwe,6.76,zimbabwe,2.223,114.0,6.76,2.223,2.5,2.048982334195127,53.73539563682706,51.91815856777494,33,46.969605825063304,0,Caution
KE,KEN,Kenya,Africa,Eastern Africa,53330978,Nairobi,"English, Swahili",Kenyan shilling,Kenya,Africa,medium,3,3,2,3,False,,kenya,kenya,4.892,kenya,2.392,127.0,4.892,2.392,2.5,1.773595498600384,60.16274186655171,44.714407502131294,33,47.379418997260075,0,Caution
KM,COM,Comoros,Africa,Eastern Africa,919901,Moroni,"Arabic, French, Comorian",Comorian franc,Comoros,Africa,medium,3,3,2,3,False,,comoros,,,,,,3.117,1.998,2.5,1.4151247427877676,68.52921173016325,61.508951406649615,33,55.764370114060185,0,Caution
GI,GIB,Gibraltar,Europe,Southern Europe,38000,Gibraltar,English,Gibraltar pound,Gibraltar,Europe,unknown,3,3,3,3,False,,gibraltar,gibraltar,3.199,,,,3.199,1.998,2.5,1.4348464017020561,68.0689212816641,61.508951406649615,33,55.580253934660526,0,Caution
BN,BRN,Brunei,Asia,South-Eastern Asia,455500,Bandar Seri Begawan,Malay,"Brunei dollar, Singapore dollar",Brunei,Asia,low,2,2,2,2,False,,brunei,brunei,0.486,,,,0.486,1.998,2.5,0.39608794629556743,92.31285519205812,61.508951406649615,33,65.27782749881814,3,Moderate
SE,SWE,Sweden,Europe,Northern Europe,10605098,Stockholm,Swedish,Swedish krona,Sweden,Europe,medium,3,3,2,3,True,,sweden,sweden,1.147,sweden,1.709,35.0,1.147,1.709,2.5,0.7640715188966439,83.72436248923815,73.82779198635976,33,65.53808259160319,3,Moderate
LS,LSO,Lesotho,Africa,Southern Africa,2116427,Maseru,"English, Sotho","Lesotho loti, South African rand",Lesotho,Africa,medium,3,3,2,3,False,,lesotho,lesotho,37.694,lesotho,2.267,119.0,37.694,2.267,2.5,3.6556845492562955,16.23603078170916,50.04262574595056,33,31.40720003646883,0,Caution
IM,IMN,Isle of Man,Europe,Northern Europe,84530,Douglas,"English, Manx","British pound, Manx pound",Isle of Man,Europe,unknown,3,3,3,3,False,,isle of man,isle of man,,,,,3.117,1.998,2.5,1.4151247427877676,68.52921173016325,61.508951406649615,33,55.764370114060185,0,Caution
FM,FSM,Micronesia,Oceania,Micronesia,105564,Palikir,English,United States dollar,Micronesia,Oceania,low,2,2,2,2,False,,micronesia,micronesia,0.898,,,,0.898,1.998,2.5,0.6408007001877362,86.60142169997586,61.508951406649615,33,62.99325410198522,3,Moderate
TZ,TZA,Tanzania,Africa,Eastern Africa,68153004,Dodoma,"English, Swahili",Tanzanian shilling,Tanzania,Africa,high,4,4,3,3,False,,tanzania,tanzania,3.705,tanzania,1.965,73.0,3.705,1.965,2.5,1.548625773037343,65.41338616215508,62.9156010230179,33,54.9400347717674,0,Caution
CV,CPV,Cape Verde,Africa,Western Africa,491233,Praia,Portuguese,Cape Verdean escudo,Cape Verde,Africa,low,2,2,2,2,False,,cape verde,cape verde,6.179,,,,6.179,1.998,2.5,1.971160097594346,55.55171506228008,61.508951406649615,33,50.57337144690691,0,Caution
AF,AFG,Afghanistan,Asia,Southern Asia,43844000,Kabul,"Dari, Pashto, Turkmen",Afghan afghani,Afghanistan,Asia,high,4,4,3,3,False,,afghanistan,afghanistan,4.022,afghanistan,3.229,158.0,4.022,3.229,2.5,1.6138282607353933,63.89160331233344,9.036658141517464,33,38.16763876738862,2,High Risk
AD,AND,Andorra,Europe,Southern Europe,88406,Andorra la Vella,Catalan,Euro,Andorra,Europe,low,2,2,2,2,False,,andorra,andorra,2.574,,,,2.574,1.998,2.5,1.2736854167372362,71.83031186104776,61.508951406649615,33,57.08481016641399,3,Moderate
GR,GRC,Greece,Europe,Southern Europe,10400720,Athens,Greek,Euro,Greece,Europe,low,2,2,2,2,True,,greece,greece,0.84,greece,1.764,45.0,0.84,1.764,2.5,0.6097655716208943,87.32576103214588,71.48337595907928,33,66.27531720058214,3,Moderate
VN,VNM,Vietnam,Asia,South-Eastern Asia,101343800,Hanoi,Vietnamese,Vietnamese đồng,Vietnam,Asia,low,2,2,2,2,True,1.0,vietnam,vietnam,1.537,vietnam,1.721,38.0,1.537,1.721,1.0,0.9309822806171448,79.82877593105043,73.3162830349531,100,83.9263952829061,1,Safe
TF,ATF,French Southern and Antarctic Lands,Antarctic,,400,Port-aux-Français,French,Euro,French Southern and Antarctic Lands,Antarctic,unknown,3,3,3,3,False,,french southern and antarctic lands,,,,,,3.117,1.998,2.5,1.4151247427877676,68.52921173016325,61.508951406649615,33,55.764370114060185,0,Caution
IQ,IRQ,Iraq,Asia,Western Asia,46118793,Baghdad,"Arabic, Aramaic, Sorani",Iraqi dinar,Iraq,Asia,high,4,4,3,3,False,,iraq,iraq,9.41,iraq,2.862,147.0,9.41,2.862,2.5,2.3427668826268775,46.87865898259966,24.68030690537084,33,36.055555664651116,2,High Risk
LY,LBY,Libya,Africa,Northern Africa,7459000,Tripoli,Arabic,Libyan dinar,Libya,Africa,high,4,4,3,3,False,,libya,,,libya,2.478,131.0,3.117,2.478,2.5,1.4151247427877676,68.52921173016325,41.04859335038362,33,49.62626269718039,2,High Risk
PT,PRT,Portugal,Europe,Southern Europe,10749635,Lisbon,Portuguese,Euro,Portugal,Europe,low,2,2,2,2,True,,portugal,portugal,0.797,portugal,1.371,7.0,0.797,1.371,2.5,0.586118607801422,87.87766549563005,88.23529411764706,33,71.52165443354615,3,Moderate
PK,PAK,Pakistan,Asia,Southern Asia,241499431,Islamabad,"English, Urdu",Pakistani rupee,Pakistan,Asia,high,4,4,3,3,False,,pakistan,pakistan,4.335,pakistan,2.797,144.0,4.335,2.797,2.5,1.6742888847537167,62.48049241811904,27.45098039215685,33,43.12749108489467,2,High Risk
MV,MDV,Maldives,Asia,Southern Asia,515132,Malé,Maldivian,Maldivian rufiyaa,Maldives,Asia,medium,3,3,2,3,False,,maldives,maldives,0.595,,,,0.595,1.998,2.5,0.4668737362368079,90.66076176822273,61.508951406649615,33,64.61699012928398,3,Moderate
MA,MAR,Morocco,Africa,Northern Africa,36828330,Rabat,"Arabic, Berber",Moroccan dirham,Morocco,Africa,medium,3,3,2,3,True,,morocco,morocco,1.705,morocco,2.012,85.0,1.705,2.012,2.5,0.9951019122984449,78.33226622299522,60.91219096334186,33,59.50656377820064,3,Moderate
BA,BIH,Bosnia and Herzegovina,Europe,Southeast Europe,3422000,Sarajevo,"Bosnian, Croatian, Serbian",Bosnia and Herzegovina convertible mark,Bosnia and Herzegovina,Europe,medium,3,3,2,3,False,,bosnia and herzegovina,bosnia and herzegovina,1.224,bosnia and herzegovina,1.895,59.0,1.224,1.895,2.5,0.7993073763883359,82.90198092800179,65.89940323955669,33,62.830613343067725,3,Moderate
WS,WSM,Samoa,Oceania,Polynesia,205557,Apia,"English, Samoan",Samoan tālā,Samoa,Oceania,low,2,2,2,2,False,,samoa,samoa,6.199,,,,6.199,1.998,2.5,1.9739421274871658,55.48678432837634,61.508951406649615,33,50.54739915334542,0,Caution
PS,PSE,Palestine,Asia,Western Asia,5483450,Ramallah,Arabic,"Egyptian pound, Israeli new shekel",Palestine,Asia,unknown,3,3,3,3,False,,palestine,palestine,1.41,palestine,2.811,145.0,1.41,2.811,2.5,0.8796267475025636,81.02738003798474,26.854219948849106,33,50.36721799984863,2,High Risk
OM,OMN,Oman,Asia,Western Asia,5343630,Muscat,Arabic,Omani rial,Oman,Asia,medium,3,3,2,3,False,,oman,oman,0.139,oman,1.738,42.0,0.139,1.738,2.5,0.1301506844650451,98.51965463284567,72.5916453537937,33,71.08535545927639,3,Moderate
BH,BHR,Bahrain,Asia,Western Asia,1594654,Manama,Arabic,Bahraini dinar,Bahrain,Asia,medium,3,3,2,3,False,,bahrain,bahrain,0.204,bahrain,2.099,100.0,0.204,2.099,2.5,0.1856493468866293,97.22435263375135,57.203751065643644,33,65.95086637319363,3,Moderate
US,USA,United States,Americas,North America,340110988,"Washington, D.C.",English,United States dollar,United States,Americas,unknown,3,3,3,3,True,1.0,united states,united states,5.763,united states,2.443,128.0,5.763,2.443,1.0,1.911466578592803,56.94492223380288,42.54049445865302,100,65.54011723111705,1,Safe
PR,PRI,Puerto Rico,Americas,Caribbean,3203295,San Juan,"English, Spanish",United States dollar,Puerto Rico,Americas,unknown,3,3,3,3,False,,puerto rico,puerto rico,14.312,,,,14.312,1.998,2.5,2.7286368347105983,37.87271003688078,61.508951406649615,33,43.501769436747196,0,Caution
IO,IOT,British Indian Ocean Territory,Africa,Eastern Africa,0,Diego Garcia,English,United States dollar,British Indian Ocean Territory,Africa,unknown,3,3,3,3,False,,british indian ocean territory,,,,,,3.117,1.998,2.5,1.4151247427877676,68.52921173016325,61.508951406649615,33,55.764370114060185,0,Caution
JE,JEY,Jersey,Europe,Northern Europe,103267,Saint Helier,"English, French, Jèrriais","British pound, Jersey pound",Jersey,Europe,unknown,3,3,3,3,False,,jersey,,,,,,3.117,1.998,2.5,1.4151247427877676,68.52921173016325,61.508951406649615,33,55.764370114060185,0,Caution
MK,MKD,North Macedonia,Europe,Southeast Europe,1822612,Skopje,Macedonian,denar,North Macedonia,Europe,low,2,2,2,2,False,,north macedonia,north macedonia,1.529,north macedonia,1.799,51.0,1.529,1.799,2.5,0.927823967687828,79.90248886164385,69.9914748508099,33,62.85843799990051,3,Moderate
TN,TUN,Tunisia,Africa,Northern Africa,11972169,Tunis,Arabic,Tunisian dinar,Tunisia,Africa,medium,3,3,2,3,False,,tunisia,tunisia,4.621,tunisia,1.998,81.0,4.621,1.998,2.5,1.726509584019938,61.261695906595676,61.508951406649615,33,52.85736378463316,0,Caution
TT,TTO,Trinidad and Tobago,Americas,Caribbean,1367764,Port of Spain,English,Trinidad and Tobago dollar,Trinidad and Tobago,Americas,high,4,4,3,3,False,,trinidad and tobago,trinidad and tobago,39.516,trinidad and tobago,2.02,89.0,39.516,2.02,2.5,3.701696957824551,15.162131660521922,60.571184995737426,33,34.13620816293,0,Caution
EE,EST,Estonia,Europe,Northern Europe,1369995,Tallinn,Estonian,Euro,Estonia,Europe,low,2,2,2,2,False,,estonia,estonia,1.536,estonia,1.559,24.0,1.536,1.559,2.5,0.9305880365749795,79.83797732570872,80.22165387894289,33,65.90168709396636,3,Moderate
SG,SGP,Singapore,Asia,South-Eastern Asia,6110200,Singapore,"English, Chinese, Malay",Singapore dollar,Singapore,Asia,low,2,2,2,2,True,,singapore,singapore,0.069,singapore,1.357,6.0,0.069,1.357,2.5,0.06672363204290818,100.0,88.83205456095482,33,76.54961636828645,3,Moderate
PA,PAN,Panama,Americas,Central America,4064780,Panama City,Spanish,"Panamanian balboa, United States dollar",Panama,Americas,medium,3,3,2,3,False,,panama,panama,11.319,panama,2.006,84.0,11.319,2.006,2.5,2.511142785979837,42.948876989735275,61.16794543904519,33,45.42993442760767,0,Caution
CH,CHE,Switzerland,Europe,Western Europe,9082848,Bern,"French, Swiss German, Italian",Swiss franc,Switzerland,Europe,low,2,2,2,2,True,,switzerland,switzerland,0.597,switzerland,1.294,5.0,0.597,1.294,2.5,0.4681268692328754,90.63151447461037,91.51747655583972,33,73.60784875659607,3,Moderate
UY,URY,Uruguay,Americas,South America,3499451,Montevideo,Spanish,Uruguayan peso,Uruguay,Americas,medium,3,3,2,3,False,,uruguay,uruguay,11.19,uruguay,1.784,48.0,11.19,1.784,2.5,2.5006159434931803,43.194566516692504,70.6308610400682,33,48.367084918697465,0,Caution
TJ,TJK,Tajikistan,Asia,Central Asia,10499000,Dushanbe,"Russian, Tajik",Tajikistani somoni,Tajikistan,Asia,medium,3,3,2,3,False,,tajikistan,tajikistan,0.912,tajikistan,1.996,79.0,0.912,1.996,2.5,0.6481498146292095,86.42989823954898,61.594202898550726,33,62.950220165384806,3,Moderate
TW,TWN,Taiwan,Asia,Eastern Asia,23317031,Taipei,Chinese,New Taiwan dollar,Taiwan,Asia,low,2,2,2,2,False,,taiwan,,,taiwan,1.73,40.0,3.117,1.73,2.5,1.4151247427877676,68.52921173016325,72.93265132139813,33,59.19148008848474,3,Moderate
ZA,ZAF,South Africa,Africa,Southern Africa,63100945,Pretoria,"Afrikaans, English, Southern Ndebele",South African rand,South Africa,Africa,medium,3,3,2,3,True,2.0,south africa,south africa,45.534,south africa,2.347,124.0,45.534,2.347,2.0,3.8401832282051016,11.929953891832497,46.632566069906225,66,38.561751377704866,0,Caution
LI,LIE,Liechtenstein,Europe,Western Europe,40900,Vaduz,German,Swiss franc,Liechtenstein,Europe,low,2,2,2,2,False,,liechtenstein,liechtenstein,5.123,,,,5.123,1.998,2.5,1.8120521724958174,59.26518858505315,61.508951406649615,33,52.05876085601614,0,Caution
BR,BRA,Brazil,Americas,South America,213421037,Brasília,Portuguese,Brazilian real,Brazil,Americas,medium,3,3,2,3,True,2.0,brazil,brazil,19.275,brazil,2.472,130.0,19.275,2.472,2.0,3.0093886000014765,31.320149903663904,41.30434782608696,66,44.71936430929165,0,Caution
AM,ARM,Armenia,Asia,Western Asia,3076200,Yerevan,Armenian,Armenian dram,Armenia,Asia,medium,3,3,2,3,False,,armenia,armenia,2.186,armenia,1.893,58.0,2.186,1.893,2.5,1.1587662114878567,74.512449948685,65.9846547314578,33,59.500376398911335,3,Moderate
GE,GEO,Georgia,Asia,Western Asia,4000921,Tbilisi,Georgian,lari,Georgia,Asia,low,2,2,2,2,False,,georgia,georgia,2.042,georgia,2.185,109.0,2.042,2.185,2.5,1.112515193837101,75.59191804771925,53.53793691389599,33,56.198148293256494,3,Moderate
AX,ALA,Åland Islands,Europe,Northern Europe,30654,Mariehamn,Swedish,Euro,Åland Islands,Europe,unknown,3,3,3,3,False,,åland islands,,,,,,3.117,1.998,2.5,1.4151247427877676,68.52921173016325,61.508951406649615,33,55.764370114060185,0,Caution
QA,QAT,Qatar,Asia,Western Asia,3173024,Doha,Arabic,Qatari riyal,Qatar,Asia,low,2,2,2,2,False,,qatar,qatar,0.074,qatar,1.593,27.0,0.074,1.593,2.5,0.07138999608667294,99.8910901558586,78.77237851662404,33,73.48814961733066,3,Moderate
DM,DMA,Dominica,Americas,Caribbean,67408,Roseau,English,Eastern Caribbean dollar,Dominica,Americas,low,2,2,2,2,False,,dominica,dominica,26.121,,,,26.121,1.998,2.5,3.300308335548739,24.530276083501235,61.508951406649615,33,38.164795855395376,0,Caution
UA,UKR,Ukraine,Europe,Eastern Europe,32862000,Kyiv,Ukrainian,Ukrainian hryvnia,Ukraine,Europe,high,4,4,3,3,False,4.0,ukraine,ukraine,3.843,ukraine,3.434,162.0,3.843,3.434,4.0,1.577534363421092,64.73867882181193,0.2983802216538578,0,25.98498559522093,2,High Risk
GN,GIN,Guinea,Africa,Western Africa,14363931,Conakry,French,Guinean franc,Guinea,Africa,medium,3,3,2,3,False,,guinea,,,guinea,2.253,118.0,3.117,2.253,2.5,1.4151247427877676,68.52921173016325,50.6393861892583,33,52.503500548842794,0,Caution
MO,MAC,Macau,Asia,Eastern Asia,685900,N/A,"Portuguese, Chinese",Macanese pataca,Macau,Asia,high,4,4,3,3,False,,macau,macau,0.568,,,,0.568,1.998,2.5,0.4498009219282161,91.05922993915084,61.508951406649615,33,64.77637739765522,3,Moderate
EH,ESH,Western Sahara,Africa,Northern Africa,600904,El Aaiún,"Berber, Hassaniya, Spanish","Algerian dinar, Moroccan dirham",Western Sahara,Africa,unknown,3,3,3,3,False,,western sahara,,,,,,3.117,1.998,2.5,1.4151247427877676,68.52921173016325,61.508951406649615,33,55.764370114060185,0,Caution
CZ,CZE,Czechia,Europe,Central Europe,10882341,Prague,"Czech, Slovak",Czech koruna,Czechia,Europe,low,2,2,2,2,True,,czechia,,,czechia,1.435,11.0,3.117,1.435,2.5,1.4151247427877676,68.52921173016325,85.5072463768116,33,62.963858605108776,3,Moderate
AT,AUT,Austria,Europe,Central Europe,9200931,Vienna,German,Euro,Austria,Europe,low,2,2,2,2,True,,austria,austria,0.876,austria,1.294,4.0,0.876,1.294,2.5,0.6291418505840329,86.87353152280545,91.51747655583972,33,72.1046555758741,3,Moderate
KN,KNA,Saint Kitts and Nevis,Americas,Caribbean,51320,Basseterre,English,Eastern Caribbean dollar,Saint Kitts and Nevis,Americas,low,2,2,2,2,False,,saint kitts and nevis,saint kitts and nevis,23.081,,,,23.081,1.998,2.5,3.1814231478175494,27.3049775738028,61.508951406649615,33,39.274676451516,0,Caution
LC,LCA,Saint Lucia,Americas,Caribbean,184100,Castries,English,Eastern Caribbean dollar,Saint Lucia,Americas,low,2,2,2,2,False,,saint lucia,saint lucia,36.696,,,,36.696,1.998,2.5,3.6295539880291217,16.845900762681012,61.508951406649615,33,35.09104572706729,0,Caution
YE,YEM,Yemen,Asia,Western Asia,32684503,Sana'a,Arabic,Yemeni rial,Yemen,Asia,high,4,4,3,3,False,,yemen,yemen,6.311,yemen,3.262,159.0,6.311,3.262,2.5,1.989380063311179,55.12647313776002,7.630008525149208,33,34.239591812648776,2,High Risk
RW,RWA,Rwanda,Africa,Eastern Africa,14104969,Kigali,"English, French, Kinyarwanda",Rwandan franc,Rwanda,Africa,medium,3,3,2,3,False,,rwanda,rwanda,3.59,rwanda,2.036,91.0,3.59,2.036,2.5,1.5238800240724537,65.9909355427117,59.889173060528556,33,54.26312613524325,0,Caution
MC,MCO,Monaco,Europe,Western Europe,38423,Monaco,French,Euro,Monaco,Europe,unknown,3,3,3,3,False,,monaco,monaco,,,,,3.117,1.998,2.5,1.4151247427877676,68.52921173016325,61.508951406649615,33,55.764370114060185,0,Caution
ST,STP,São Tomé and Príncipe,Africa,Middle Africa,209607,São Tomé,Portuguese,São Tomé and Príncipe dobra,São Tomé and Príncipe,Africa,medium,3,3,2,3,False,,são tomé and príncipe,são tomé and príncipe,3.225,,,,3.225,1.998,2.5,1.4410192608091372,67.92485084117686,61.508951406649615,33,55.52262575846563,0,Caution
CG,COG,Republic of the Congo,Africa,Middle Africa,6142180,Brazzaville,"French, Kikongo, Lingala",Central African CFA franc,Republic of the Congo,Africa,medium,3,3,2,3,False,,the congo,,,the congo,2.132,103.0,3.117,2.132,2.5,1.4151247427877676,68.52921173016325,55.79710144927536,33,54.05081512684791,0,Caution
PY,PRY,Paraguay,Americas,South America,6109644,Asunción,"Guaraní, Spanish",Paraguayan guaraní,Paraguay,Americas,low,2,2,2,2,False,,paraguay,paraguay,6.961,paraguay,1.981,75.0,6.961,1.981,2.5,2.0745546201064413,53.138555431729536,62.23358908780903,33,49.82549889903452,0,Caution
BV,BVT,Bouvet Island,Antarctic,,0,N/A,Norwegian,N/A,Bouvet Island,Antarctic,unknown,3,3,3,3,False,,bouvet island,,,,,,3.117,1.998,2.5,1.4151247427877676,68.52921173016325,61.508951406649615,33,55.764370114060185,0,Caution
MZ,MOZ,Mozambique,Africa,Eastern Africa,34090466,Maputo,Portuguese,Mozambican metical,Mozambique,Africa,medium,3,3,2,3,False,,mozambique,mozambique,3.573,mozambique,2.273,121.0,3.573,2.273,2.5,1.5201694446759182,66.07753800663454,49.786871270247225,33,51.267076583727984,0,Caution
FR,FRA,France,Europe,Western Europe,66351959,Paris,French,Euro,France,Europe,medium,3,3,2,3,True,2.0,france,france,1.335,france,1.967,74.0,1.335,1.967,2.0,0.8480118911208606,81.7652498331381,62.830349531116795,66,71.35520479259027,1,Safe
SZ,SWZ,Eswatini,Africa,Southern Africa,1235549,Mbabane,"English, Swazi","Swazi lilangeni, South African rand",Eswatini,Africa,medium,3,3,2,3,False,,eswatini,eswatini,12.665,eswatini,2.094,99.0,12.665,2.094,2.5,2.6148378193800315,40.528703634220555,57.416879795396426,33,43.33654539230715,0,Caution
BB,BRB,Barbados,Americas,Caribbean,267800,Bridgetown,English,Barbadian dollar,Barbados,Americas,low,2,2,2,2,False,,barbados,barbados,15.268,,,,15.268,1.998,2.5,2.7891999880449783,36.4592061763811,61.508951406649615,33,42.936367892547324,0,Caution
ES,ESP,Spain,Europe,Southern Europe,49315949,Madrid,"Spanish, Catalan, Basque",Euro,Spain,Europe,medium,3,3,2,3,True,2.0,spain,spain,0.691,spain,1.578,25.0,0.691,1.578,2.0,0.5253200699164432,89.29666307553924,79.41176470588235,66,79.3421946419804,1,Safe
TH,THA,Thailand,Asia,South-Eastern Asia,65859640,Bangkok,Thai,Thai baht,Thailand,Asia,medium,3,3,2,3,True,1.0,thailand,thailand,4.813,thailand,2.017,86.0,4.813,2.017,1.0,1.7600967887192134,60.47779280888711,60.69906223358909,100,72.40083579363157,1,Safe
GW,GNB,Guinea-Bissau,Africa,Western Africa,1781308,Bissau,"Portuguese, Upper Guinea Creole",West African CFA franc,Guinea-Bissau,Africa,high,4,4,3,3,False,,guinea-bissau,guinea-bissau,1.117,guinea-bissau,2.112,101.0,1.117,2.112,2.5,0.7499999921527281,84.05278259751475,56.649616368286445,33,60.515997949491826,3,Moderate
AO,AGO,Angola,Africa,Middle Africa,36170961,Luanda,Portuguese,Angolan kwanza,Angola,Africa,medium,3,3,2,3,False,,angola,angola,4.102,angola,1.987,76.0,4.102,1.987,2.5,1.6296326197196198,63.52274004800526,61.97783461210571,33,53.90244640283382,0,Caution
IN,IND,India,Asia,Southern Asia,1417492000,New Delhi,"English, Hindi, Tamil",Indian rupee,India,Asia,medium,3,3,2,3,True,,india,india,2.832,india,2.229,115.0,2.832,2.229,2.5,1.343386860108614,70.20352636750059,51.662404092071604,33,53.48013177462172,0,Caution
MQ,MTQ,Martinique,Americas,Caribbean,349925,Fort-de-France,French,Euro,Martinique,Americas,unknown,3,3,3,3,False,,martinique,martinique,2.79,,,,2.79,1.998,2.5,1.332366019094335,70.4607454926942,61.508951406649615,33,56.536983619072565,0,Caution
NC,NCL,New Caledonia,Oceania,Melanesia,264596,Nouméa,French,CFP franc,New Caledonia,Oceania,high,4,4,3,3,False,,new caledonia,new caledonia,3.113,,,,3.113,1.998,2.5,1.414152689248287,68.55189881554472,61.508951406649615,33,55.77344494821277,0,Caution
SC,SYC,Seychelles,Africa,Eastern Africa,122729,Victoria,"Seychellois Creole, English, French",Seychellois rupee,Seychelles,Africa,low,2,2,2,2,False,,seychelles,seychelles,9.335,,,,9.335,1.998,2.5,2.3355361931337315,47.047418483218905,61.508951406649615,33,47.17165281528244,0,Caution
FK,FLK,Falkland Islands,Americas,South America,3662,Stanley,English,Falkland Islands pound,Falkland Islands,Americas,unknown,3,3,3,3,False,,falkland islands,,,,,,3.117,1.998,2.5,1.4151247427877676,68.52921173016325,61.508951406649615,33,55.764370114060185,0,Caution
GB,GBR,United Kingdom,Europe,Northern Europe,69281437,London,English,British pound,United Kingdom,Europe,medium,3,3,2,3,True,2.0,united kingdom,,,united kingdom,1.634,30.0,3.117,1.634,2.0,1.4151247427877676,68.52921173016325,77.02472293265133,66,70.3191015718607,1,Safe
FJ,FJI,Fiji,Oceania,Melanesia,900869,Suva,"English, Fijian, Fiji Hindi",Fijian dollar,Fiji,Oceania,low,2,2,2,2,False,,fiji,fiji,2.173,,,,2.173,1.998,2.5,1.1546775126010584,74.60787747091128,61.508951406649615,33,58.1958364103594,3,Moderate
SM,SMR,San Marino,Europe,Southern Europe,34132,City of San Marino,Italian,Euro,San Marino,Europe,unknown,3,3,3,3,False,,san marino,san marino,,,,,3.117,1.998,2.5,1.4151247427877676,68.52921173016325,61.508951406649615,33,55.764370114060185,0,Caution
ML,MLI,Mali,Africa,Western Africa,22395489,Bamako,French,West African CFA franc,Mali,Africa,high,4,4,3,3,False,,mali,,,mali,3.061,154.0,3.117,3.061,2.5,1.4151247427877676,68.52921173016325,16.197783461210577,33,42.171019730428476,2,High Risk
CA,CAN,Canada,Americas,North America,41651653,Ottawa,"English, French",Canadian dollar,Canada,Americas,low,2,2,2,2,True,1.0,canada,canada,2.273,canada,1.491,14.0,2.273,1.491,1.0,1.1857069955190436,73.8836699044439,83.12020460358056,100,84.48952934285174,1,Safe
JM,JAM,Jamaica,Americas,Caribbean,2825544,Kingston,"English, Jamaican Patois",Jamaican dollar,Jamaica,Americas,high,4,4,3,3,False,,jamaica,jamaica,49.299,jamaica,2.047,93.0,49.299,2.047,2.5,3.9179851961923635,10.11410752238595,59.420289855072454,33,31.771729965476112,0,Caution
NR,NRU,Nauru,Oceania,Micronesia,11680,Yaren,"English, Nauru",Australian dollar,Nauru,Oceania,low,2,2,2,2,False,,nauru,,,,,,3.117,1.998,2.5,1.4151247427877676,68.52921173016325,61.508951406649615,33,55.764370114060185,0,Caution
ID,IDN,Indonesia,Asia,South-Eastern Asia,284438782,Jakarta,Indonesian,Indonesian rupiah,Indonesia,Asia,medium,3,3,2,3,True,1.0,indonesia,indonesia,0.307,indonesia,1.786,49.0,0.307,1.786,1.0,0.2677344346420849,95.3085410875595,70.54560954816709,100,89.28709929947394,1,Safe
GU,GUM,Guam,Oceania,Micronesia,153836,Hagåtña,"Chamorro, English, Spanish",United States dollar,Guam,Oceania,unknown,3,3,3,3,False,,guam,guam,4.151,,,,4.151,1.998,2.5,1.6391908705834481,63.299656807589244,61.508951406649615,33,53.67254814503058,0,Caution
CI,CIV,Ivory Coast,Africa,Western Africa,31719275,Yamoussoukro,French,West African CFA franc,Ivory Coast,Africa,medium,3,3,2,3,False,,ivory coast,,,,,,3.117,1.998,2.5,1.4151247427877676,68.52921173016325,61.508951406649615,33,55.764370114060185,0,Caution
KW,KWT,Kuwait,Asia,Western Asia,4881254,Kuwait City,Arabic,Kuwaiti dinar,Kuwait,Asia,low,2,2,2,2,False,,kuwait,kuwait,0.252,kuwait,1.642,31.0,0.252,1.642,2.5,0.22474227267790678,96.31194965468073,76.6837169650469,33,71.42989495138637,3,Moderate
PH,PHL,Philippines,Asia,South-Eastern Asia,114123600,Manila,"English, Filipino",Philippine peso,Philippines,Asia,medium,3,3,2,3,True,2.0,philippines,philippines,4.316,philippines,2.148,105.0,4.316,2.148,2.0,1.6707211408509988,62.56376119628062,55.11508951406649,66,61.36003133273219,1,Safe
GY,GUY,Guyana,Americas,South America,772975,Georgetown,English,Guyanese dollar,Guyana,Americas,high,4,4,3,3,False,,guyana,guyana,16.198,guyana,2.149,106.0,16.198,2.149,2.5,2.844793097988705,35.16169983471522,55.072463768115945,33,40.48641906432087,0,Caution
HU,HUN,Hungary,Europe,Central Europe,9539502,Budapest,Hungarian,Hungarian forint,Hungary,Europe,low,2,2,2,2,True,,hungary,hungary,0.774,hungary,1.5,17.0,0.774,1.5,2.5,0.5732368838873878,88.17831639440091,82.73657289002557,33,69.99229842476804,3,Moderate
MX,MEX,Mexico,Americas,North America,130575786,Mexico City,Spanish,Mexican peso,Mexico,Americas,medium,3,3,2,3,True,3.0,mexico,mexico,24.859,mexico,2.636,135.0,24.859,2.636,3.0,3.2526587028357694,25.64238693115321,34.31372549019608,33,30.45107241952011,2,High Risk
KP,PRK,North Korea,Asia,Eastern Asia,25950000,Pyongyang,Korean,North Korean won,North Korea,Asia,high,4,4,3,3,False,4.0,north korea,,,north korea,2.911,149.0,3.117,2.911,4.0,1.4151247427877676,68.52921173016325,22.591645353793695,0,34.189178298203416,2,High Risk
RO,ROU,Romania,Europe,Southeast Europe,19036031,Bucharest,Romanian,Romanian leu,Romania,Europe,low,2,2,2,2,False,,romania,romania,1.109,romania,1.721,38.0,1.109,1.721,2.5,0.7462139014966376,84.14114744419038,73.3162830349531,33,65.55134388816208,3,Moderate
SR,SUR,Suriname,Americas,South America,616500,Paramaribo,Dutch,Surinamese dollar,Suriname,Americas,low,2,2,2,2,False,,suriname,suriname,7.281,,,,7.281,1.998,2.5,2.113963734051563,52.218772830702385,61.508951406649615,33,49.24019455427584,0,Caution
AS,ASM,American Samoa,Oceania,Polynesia,49710,Pago Pago,"English, Samoan",United States dollar,American Samoa,Oceania,unknown,3,3,3,3,False,,american samoa,american samoa,,,,,3.117,1.998,2.5,1.4151247427877676,68.52921173016325,61.508951406649615,33,55.764370114060185,0,Caution
NP,NPL,Nepal,Asia,Southern Asia,29911840,Kathmandu,Nepali,Nepalese rupee,Nepal,Asia,high,4,4,3,3,False,,nepal,nepal,2.102,nepal,1.987,76.0,2.102,1.987,2.5,1.132047064754347,75.13605712528876,61.97783461210571,33,58.547773233747215,3,Moderate
TD,TCD,Chad,Africa,Middle Africa,19340757,N'Djamena,"Arabic, French",Central African CFA franc,Chad,Africa,high,4,4,3,3,False,,chad,,,chad,2.593,134.0,3.117,2.593,2.5,1.4151247427877676,68.52921173016325,36.14663256606991,33,48.15567446188628,2,High Risk
RS,SRB,Serbia,Europe,Southeast Europe,6567783,Belgrade,Serbian,Serbian dinar,Serbia,Europe,medium,3,3,2,3,False,,serbia,serbia,1.314,serbia,1.914,64.0,1.314,1.914,2.5,0.8389776287714849,81.976103528901,65.08951406649616,33,62.21729563150925,3,Moderate
KH,KHM,Cambodia,Asia,South-Eastern Asia,17577760,Phnom Penh,Khmer,"Cambodian riel, United States dollar",Cambodia,Asia,medium,3,3,2,3,False,,cambodia,cambodia,1.839,cambodia,2.019,87.0,1.839,2.019,2.5,1.0434518774908341,77.20381007942002,60.61381074168797,33,58.9656672542744,3,Moderate
MY,MYS,Malaysia,Asia,South-Eastern Asia,34231700,Kuala Lumpur,"English, Malay",Malaysian ringgit,Malaysia,Asia,low,2,2,2,2,True,,malaysia,malaysia,0.724,malaysia,1.469,13.0,0.724,1.469,2.5,0.5446471722415014,88.84558131633972,84.05797101449275,33,70.65562383088371,3,Moderate
CY,CYP,Cyprus,Europe,Southern Europe,1442614,Nicosia,"Greek, Turkish",Euro,Cyprus,Europe,low,2,2,2,2,False,,cyprus,cyprus,0.817,cyprus,1.933,68.0,0.817,1.933,2.5,0.5971867894140341,87.61934147224639,64.27962489343562,33,64.23162405692925,3,Moderate
